{"cameraMode":{"drawMode":0,"name":"Shaded","section":"Shading Mode"},"sceneLighting":false,"audioPlay":false,"sceneViewState":{"m_AlwaysRefresh":false,"showFog":true,"showSkybox":false,"showFlares":true,"showImageEffects":true,"showParticleSystems":true,"showVisualEffectGraphs":true,"m_FxEnabled":true},"in2DMode":false,"pivot":{"x":-0.0000029206275939941408,"y":0.22491979598999024,"z":-5.960464477539063e-7},"rotation":{"x":-0.558579683303833,"y":-0.06281094998121262,"z":0.042487312108278278,"w":-0.8259935975074768},"size":2.8151803016662599,"orthographic":false}