{"cameraMode":{"drawMode":0,"name":"Shaded","section":"Shading Mode"},"sceneLighting":false,"audioPlay":false,"sceneViewState":{"m_AlwaysRefresh":false,"showFog":true,"showSkybox":false,"showFlares":true,"showImageEffects":true,"showParticleSystems":true,"showVisualEffectGraphs":true,"m_FxEnabled":true},"in2DMode":false,"pivot":{"x":-0.0032391012646257879,"y":0.05181913450360298,"z":3.686396360397339},"rotation":{"x":-0.30365946888923647,"y":-0.6735602617263794,"z":0.35841789841651919,"w":-0.5706771016120911},"size":3.7705912590026857,"orthographic":false}