{"cameraMode":{"drawMode":0,"name":"Shaded","section":"Shading Mode"},"sceneLighting":false,"audioPlay":false,"sceneViewState":{"m_AlwaysRefresh":false,"showFog":true,"showSkybox":false,"showFlares":true,"showImageEffects":true,"showParticleSystems":true,"showVisualEffectGraphs":true,"m_FxEnabled":true},"in2DMode":false,"pivot":{"x":0.6906781196594238,"y":0.9678347110748291,"z":-0.24831417202949525},"rotation":{"x":-0.1759433001279831,"y":-0.6586135029792786,"z":0.16243870556354524,"w":-0.7133795619010925},"size":2.2628889083862306,"orthographic":false}